City_ID,City,Country,Lat,Lng,Max Temp,Humidity,Cloudiness,Wind Speed,City Description
0,Jamestown,US,42.097,-79.2353,2.78,35,90,5.66,overcast clouds
1,Harper,LR,4.375,-7.7169,25.74,90,69,3.16,broken clouds
2,Tromso,NO,69.6496,18.957,-1.0,86,75,6.17,light snow
3,Kamaishi,JP,39.2667,141.8833,0.0,59,40,4.63,snow
4,Atuona,PF,-9.8,-139.0333,26.06,72,3,4.8,clear sky
5,Ware,GB,51.8126,-0.0283,7.0,100,90,3.09,overcast clouds
6,Gigmoto,PH,13.7796,124.39,26.23,84,92,6.67,moderate rain
7,Lebu,CL,-37.6167,-73.65,15.89,79,0,1.55,clear sky
8,Mataura,NZ,-46.1927,168.8643,23.74,38,100,1.29,overcast clouds
9,Talnakh,RU,69.4865,88.3972,-30.39,86,100,0.38,overcast clouds
10,Port Alfred,ZA,-33.5906,26.891,19.44,88,57,0.89,broken clouds
11,Uruzgan,AF,32.8333,66.0,1.81,68,0,3.37,clear sky
12,Ushuaia,AR,-54.8,-68.3,7.0,81,40,13.38,scattered clouds
13,San Patricio,US,28.017,-97.5169,21.0,83,1,4.63,clear sky
14,Bluff,NZ,-46.6,168.3333,14.64,73,100,5.25,overcast clouds
15,Deep River,CA,46.1001,-77.4995,-3.0,68,1,1.03,clear sky
16,Yellowknife,CA,62.456,-114.3525,-35.0,75,1,3.6,clear sky
17,Kushima,JP,31.4583,131.2333,12.0,47,40,2.57,scattered clouds
18,Tiksi,RU,71.6872,128.8694,-27.69,89,100,3.3,overcast clouds
19,Rikitea,PF,-23.1203,-134.9692,25.69,72,100,5.68,light rain
20,Albany,US,42.6001,-73.9662,-2.78,63,0,0.95,clear sky
21,Busselton,AU,-33.65,115.3333,20.56,37,1,2.24,clear sky
22,Avarua,CK,-21.2078,-159.775,29.0,65,97,2.06,overcast clouds
23,Lakes Entrance,AU,-37.8811,147.981,28.33,56,75,0.45,broken clouds
24,Thompson,CA,55.7435,-97.8558,-23.0,70,90,4.12,light snow
25,Marsabit,KE,2.3284,37.9899,18.25,58,35,6.07,scattered clouds
26,Shimoda,JP,34.6667,138.95,10.0,57,75,2.57,broken clouds
27,Salacgriva,LV,57.7536,24.3581,-10.56,91,99,0.89,overcast clouds
28,Xuanhua,CN,40.6103,115.0447,2.87,62,0,4.49,clear sky
29,Svetlyy,RU,54.675,20.1347,-5.0,86,40,2.0,scattered clouds
30,Kodiak,US,57.79,-152.4072,-4.0,80,1,3.6,clear sky
31,Vao,NC,-22.6667,167.4833,26.02,88,14,7.52,few clouds
32,Barao De Melgaco,BR,-16.1944,-55.9675,25.0,94,75,1.03,broken clouds
33,Hermanus,ZA,-34.4187,19.2345,17.78,92,25,0.89,scattered clouds
34,Sitka,US,57.0531,-135.33,4.0,70,20,5.66,few clouds
35,Basoko,CD,1.2391,23.616,23.17,89,100,1.92,overcast clouds
36,Victoria,HK,22.2855,114.1577,20.56,69,36,0.89,scattered clouds
37,Mount Gambier,AU,-37.8333,140.7667,22.0,46,75,8.23,broken clouds
38,Tuktoyaktuk,CA,69.4541,-133.0374,-36.0,75,40,4.12,mist
39,Galle,LK,6.0367,80.217,25.26,83,35,2.84,scattered clouds
40,Arraial Do Cabo,BR,-22.9661,-42.0278,26.0,73,0,8.75,clear sky
41,Cape Town,ZA,-33.9258,18.4232,19.44,88,0,4.63,clear sky
42,Kapaa,US,22.0752,-159.319,20.0,60,75,5.66,broken clouds
43,Dali,CN,25.7,100.1833,13.48,37,16,0.99,few clouds
44,Kalmunai,LK,7.4167,81.8167,24.92,84,99,4.56,overcast clouds
45,Sangueya,GN,10.7,-14.3667,19.98,88,100,0.6,overcast clouds
46,Castro,BR,-24.7911,-50.0119,17.56,92,1,2.5,clear sky
47,Mayumba,GA,-3.432,10.6554,26.23,84,100,1.97,moderate rain
48,Nikolskoye,RU,59.7035,30.7861,-13.33,85,20,4.0,few clouds
49,Elizabeth City,US,36.2946,-76.2511,6.11,52,1,3.09,clear sky
50,Eureka,US,40.8021,-124.1637,8.89,82,5,3.33,clear sky
51,Khatanga,RU,71.9667,102.5,-34.92,78,0,4.14,clear sky
52,Ribeira Grande,PT,38.5167,-28.7,12.9,69,38,8.78,scattered clouds
53,Egvekinot,RU,66.3167,-179.1667,-28.87,91,100,7.32,snow
54,Kaitangata,NZ,-46.2817,169.8464,15.56,71,70,7.15,broken clouds
55,Thinadhoo,MV,0.5333,72.9333,28.0,77,100,6.05,overcast clouds
56,Punta Arenas,CL,-53.15,-70.9167,9.0,61,75,5.14,broken clouds
57,Illapel,CL,-31.6308,-71.1653,19.21,59,0,0.87,clear sky
58,Shenjiamen,CN,29.9576,122.298,11.13,89,98,3.28,overcast clouds
59,Kandrian,PG,-6.2167,149.55,27.25,82,99,3.63,light rain
60,Bredasdorp,ZA,-34.5322,20.0403,16.0,88,4,0.51,clear sky
61,Grindavik,IS,63.8424,-22.4338,3.0,87,75,11.32,broken clouds
62,Gelibolu,TR,40.4103,26.6708,7.0,93,0,2.57,clear sky
63,Kibala,TD,9.1104,18.3463,24.0,23,0,2.4,clear sky
64,Kattivakkam,IN,13.2167,80.3167,24.0,69,20,3.63,haze
65,Pevek,RU,69.7008,170.3133,-26.26,80,75,1.19,broken clouds
66,Pitimbu,BR,-7.4706,-34.8086,26.0,83,20,2.57,few clouds
67,Gravdal,NO,68.1214,13.5031,1.68,84,100,7.31,overcast clouds
68,Carnarvon,AU,-24.8667,113.6333,28.0,72,75,8.75,broken clouds
69,Upernavik,GL,72.7868,-56.1549,-20.45,71,97,3.22,overcast clouds
70,Hobart,AU,-42.8794,147.3294,26.67,73,75,6.17,light rain
71,Bethel,US,41.3712,-73.414,-2.22,86,1,1.56,clear sky
72,Pierre,US,44.3683,-100.351,-10.0,67,1,4.63,clear sky
73,Butembo,CD,0.15,29.2833,15.65,82,97,1.22,overcast clouds
74,Horqueta,PY,-23.3428,-57.0597,20.69,74,5,2.18,clear sky
75,Mangrol,IN,21.1167,70.1167,18.88,48,0,5.47,clear sky
76,Wajima,JP,37.4,136.9,1.0,100,75,3.09,mist
77,Calabozo,VE,8.9242,-67.4293,28.52,57,94,3.25,overcast clouds
78,Taguatinga,BR,-12.3857,-46.5711,23.18,88,90,1.09,overcast clouds
79,Pallisa,UG,1.145,33.7094,19.96,73,31,2.15,scattered clouds
80,Fortuna,US,40.5982,-124.1573,8.89,93,1,2.48,clear sky
81,Hilo,US,19.7297,-155.09,22.0,73,75,7.2,light rain
82,Chuy,UY,-33.6971,-53.4616,18.69,77,89,5.91,overcast clouds
83,Ambunti,PG,-4.2365,142.8448,29.22,77,73,1.13,broken clouds
84,Vaini,TO,-21.2,-175.2,27.0,94,75,2.57,moderate rain
85,Avera,US,33.194,-82.5271,10.0,49,1,1.54,clear sky
86,Vardo,NO,70.3705,31.1107,-2.3,90,100,8.66,overcast clouds
87,Waw,SS,7.7029,27.9953,22.24,22,0,3.0,clear sky
88,Hithadhoo,MV,-0.6,73.0833,28.03,76,100,5.16,overcast clouds
89,Lasa,IT,46.6166,10.7002,4.44,86,0,1.54,clear sky
90,Mount Isa,AU,-20.7333,139.5,35.0,41,40,6.69,scattered clouds
91,Bengkulu,ID,-3.8004,102.2655,29.35,62,26,1.46,scattered clouds
92,Trinidad,BO,-14.8333,-64.9,22.83,93,100,1.99,overcast clouds
93,Lagoa,PT,39.05,-27.9833,12.31,70,51,9.22,broken clouds
94,Nome,US,64.5011,-165.4064,-12.22,72,90,7.72,light snow
95,Saint George,US,37.1041,-113.5841,8.33,29,1,2.06,clear sky
96,Mumford,GH,5.2618,-0.759,26.62,87,0,4.51,clear sky
97,Salalah,OM,17.0151,54.0924,21.0,73,40,2.06,scattered clouds
98,Sawai Madhopur,IN,25.9833,76.3667,12.8,83,0,2.61,clear sky
99,Fairbanks,US,64.8378,-147.7164,-29.44,75,1,0.78,clear sky
100,Malartic,CA,48.1335,-78.1328,-4.0,68,75,2.06,broken clouds
101,La Mira,MX,18.035,-102.3266,22.68,83,2,1.42,clear sky
102,Butaritari,KI,3.0707,172.7902,26.96,83,96,6.06,light rain
103,Oriental,MX,19.3667,-97.6167,13.75,40,0,0.34,clear sky
104,Olawa,PL,50.9466,17.2926,0.0,86,90,3.09,overcast clouds
105,Port Blair,IN,11.6667,92.75,27.87,72,12,5.92,few clouds
106,Acapulco,MX,16.8634,-99.8901,26.0,78,75,1.54,broken clouds
107,Auki,SB,-8.7676,160.7034,29.78,64,35,3.73,scattered clouds
108,Foso,GH,5.7012,-1.2866,24.16,91,0,1.67,clear sky
109,Myrtle Beach,US,33.6891,-78.8867,7.22,87,1,1.54,clear sky
110,Arman,RU,59.7,150.1667,-18.39,82,78,5.96,broken clouds
111,Denham Springs,US,30.4869,-90.9562,18.89,77,90,5.14,overcast clouds
112,Qandala,SO,11.472,49.8728,21.15,71,1,2.22,clear sky
113,Tiznit,MA,29.5833,-9.5,10.81,65,91,3.32,overcast clouds
114,Kavieng,PG,-2.5744,150.7967,28.61,73,89,0.75,moderate rain
115,Harlingen,US,26.1906,-97.6961,21.67,94,1,4.12,clear sky
116,Bone,DE,51.9669,12.1396,3.33,97,100,1.34,overcast clouds
117,New Norfolk,AU,-42.7826,147.0587,26.67,64,100,2.14,light rain
118,Cocobeach,GA,1.0002,9.5823,27.0,94,40,1.54,scattered clouds
119,Marsa Matruh,EG,31.3525,27.2453,15.0,72,75,5.14,broken clouds
120,Seydisehir,TR,37.4193,31.8453,4.15,73,0,1.06,clear sky
121,Rawson,AR,-43.3002,-65.1023,30.32,17,0,10.18,clear sky
122,Puerto Ayora,EC,-0.7393,-90.3518,25.0,94,16,0.89,few clouds
123,Nemuro,JP,43.3236,145.575,-8.0,53,40,4.63,scattered clouds
124,Ponta Delgada,PT,37.7333,-25.6667,12.0,71,40,4.12,scattered clouds
125,Tura,IN,25.5198,90.2201,22.09,43,0,0.49,clear sky
126,Barentu,ER,15.1139,37.5928,14.12,37,0,1.38,clear sky
127,Rabo De Peixe,PT,37.8,-25.5833,12.0,71,40,4.12,scattered clouds
128,Guaymas,MX,27.9333,-110.9,24.0,41,20,4.03,few clouds
129,Mizdah,LY,31.4451,12.9801,11.16,45,8,2.04,clear sky
130,Tsumeb,NA,-19.2333,17.7167,21.0,88,59,1.03,broken clouds
131,Husavik,IS,66.0449,-17.3389,-3.0,74,0,8.23,clear sky
132,Ornes,NO,66.8689,13.7078,-5.0,93,75,4.12,light snow
133,Buala,SB,-8.145,159.5921,30.15,68,2,3.78,light rain
134,Lodja,CD,-3.4833,23.4333,20.17,96,42,0.44,scattered clouds
135,Qaanaaq,GL,77.484,-69.3632,-28.15,63,61,3.6,broken clouds
136,Asopos,GR,36.7333,22.8667,13.13,68,0,1.44,clear sky
137,Saskylakh,RU,71.9167,114.0833,-36.98,79,64,0.84,broken clouds
138,Sistranda,NO,63.7256,8.834,-10.0,85,20,3.6,few clouds
139,Tuatapere,NZ,-46.1333,167.6833,18.82,56,87,3.21,overcast clouds
140,Beyneu,KZ,45.3167,55.2,5.19,79,93,5.05,overcast clouds
141,Sinegorye,RU,62.0788,150.477,-25.22,84,100,2.75,overcast clouds
142,Torbay,CA,47.6666,-52.7314,4.0,100,90,3.6,overcast clouds
143,Awjilah,LY,29.1081,21.2869,10.58,87,0,1.6,clear sky
144,Longyearbyen,SJ,78.2186,15.6401,-7.0,68,75,5.66,broken clouds
145,Hazorasp,UZ,41.3194,61.0742,3.0,87,98,3.09,mist
146,Cap Malheureux,MU,-19.9842,57.6142,26.67,75,0,0.89,clear sky
147,Mahebourg,MU,-20.4081,57.7,25.0,83,40,1.03,light rain
148,Yokadouma,CM,3.5167,15.05,19.34,43,58,0.62,broken clouds
149,Tulle,FR,45.3333,1.8333,8.33,54,100,0.7,overcast clouds
150,Tagusao,PH,9.1924,117.8141,28.24,68,94,3.18,overcast clouds
151,Usak,TR,38.5,29.4167,4.67,77,0,1.66,clear sky
152,Weligama,LK,5.9667,80.4167,25.64,80,17,1.68,few clouds
153,Sola,VU,-13.8833,167.55,24.68,90,100,4.19,overcast clouds
154,Caluquembe,AO,-13.7833,14.6833,15.41,69,46,1.39,scattered clouds
155,Tasiilaq,GL,65.6145,-37.6368,-3.0,80,75,5.14,broken clouds
156,Sierra Vista,US,31.5545,-110.3037,11.67,25,1,5.66,clear sky
157,Tacuati,PY,-23.45,-56.5833,21.42,77,6,1.72,clear sky
158,Sabang,ID,5.8933,95.3214,27.44,76,49,11.44,scattered clouds
159,Taoudenni,ML,22.6783,-3.9836,19.37,21,11,2.71,few clouds
160,Esperance,AU,-33.8667,121.9,17.0,55,90,5.66,overcast clouds
161,Warrington,GB,53.3925,-2.5802,7.22,100,90,1.54,mist
162,Lakselv,NO,70.0513,24.9718,-3.0,80,90,5.66,light snow
163,Sioux Lookout,CA,50.1001,-91.917,-14.0,78,90,6.17,light snow
164,Port Hardy,CA,50.6996,-127.4199,7.0,100,90,3.6,mist
165,Pisco,PE,-13.7,-76.2167,22.22,78,0,5.14,clear sky
166,Kawalu,ID,-7.3817,108.2082,29.67,61,100,0.59,overcast clouds
167,Bereda,ES,43.2686,-7.5406,6.67,100,62,2.68,broken clouds
168,Ponta Do Sol,PT,32.6667,-17.1,10.0,68,91,4.47,overcast clouds
169,Tual,ID,-5.6667,132.75,28.54,79,100,11.08,heavy intensity rain
170,Uusikaupunki,FI,60.8004,21.4084,-15.0,78,0,2.06,clear sky
171,Ostersund,SE,63.1792,14.6357,-9.0,92,90,4.63,light snow
172,Khawhai,IN,23.3667,93.1167,16.53,44,0,0.6,clear sky
173,Arona,ES,28.0996,-16.681,16.0,39,20,6.69,few clouds
174,Gizo,SB,-8.103,156.8419,29.77,70,33,4.71,light rain
175,Labuhan,ID,-6.8844,112.2051,28.1,80,88,8.11,overcast clouds
176,Barrow,US,71.2906,-156.7887,-31.0,62,90,4.63,haze
177,Samana,DO,19.2056,-69.3369,23.11,87,2,3.38,clear sky
178,Aswan,EG,24.0934,32.907,13.25,67,0,4.87,clear sky
179,Guerrero Negro,MX,27.9769,-114.0611,15.8,71,100,7.02,overcast clouds
180,Sinnamary,GF,5.3833,-52.95,24.98,81,75,6.16,broken clouds
181,Manzhouli,CN,49.6,117.4333,-12.21,88,0,9.79,clear sky
182,Airai,TL,-8.9266,125.4092,18.81,100,100,1.85,overcast clouds
183,Cabo San Lucas,MX,22.8909,-109.9124,23.0,46,20,3.91,few clouds
184,Faya,SA,18.3851,42.4509,15.0,51,0,3.6,clear sky
185,Huarmey,PE,-10.0681,-78.1522,21.12,77,91,2.04,overcast clouds
186,Yabrud,SY,33.9674,36.6574,6.67,81,100,1.34,overcast clouds
187,Petropavlovsk-Kamchatskiy,RU,53.0452,158.6483,-10.0,41,40,2.0,scattered clouds
188,College,US,64.8569,-147.8028,-29.44,68,40,0.91,scattered clouds
189,Margate,GB,51.3813,1.3862,7.78,89,10,0.89,clear sky
190,Auraiya,IN,26.4667,79.5167,16.19,69,42,3.41,scattered clouds
191,Dikson,RU,73.5069,80.5464,-23.86,89,100,4.44,overcast clouds
192,Calama,CL,-22.4667,-68.9333,15.0,25,0,2.06,clear sky
193,Slave Lake,CA,55.2834,-114.769,-19.0,71,90,4.63,overcast clouds
194,Mattru,SL,7.6244,-11.8332,23.39,92,0,1.15,clear sky
195,Lompoc,US,34.6391,-120.4579,11.0,82,1,2.06,clear sky
196,Mahanoro,MG,-19.9,48.8,24.22,88,75,1.23,broken clouds
197,Faanui,PF,-16.4833,-151.75,27.8,65,12,2.51,few clouds
198,Provideniya,RU,64.3833,-173.3,-20.62,89,100,12.23,light snow
199,Saldanha,ZA,-33.0117,17.9442,16.0,82,0,2.57,clear sky
200,Quatre Cocos,MU,-20.2078,57.7625,26.67,83,40,1.03,scattered clouds
201,Gokul,IN,27.45,77.7167,12.58,80,5,2.25,clear sky
202,Tiarei,PF,-17.5333,-149.3333,27.78,65,12,0.89,few clouds
203,Maldonado,UY,-34.6667,-54.9167,20.0,73,40,8.75,scattered clouds
204,Yabassi,CM,4.457,9.9682,26.0,100,75,2.06,broken clouds
205,Belaya Gora,RU,68.5333,146.4167,-27.41,87,62,4.5,broken clouds
206,Coquimbo,CL,-29.9533,-71.3436,16.0,82,90,3.09,overcast clouds
207,Tessalit,ML,20.1986,1.0114,19.57,22,79,7.3,broken clouds
208,Flinders,AU,-34.5833,150.8552,28.89,69,22,3.13,few clouds
209,Hadejia,NG,12.4498,10.0444,18.54,26,0,4.85,clear sky
210,Isangel,VU,-19.55,169.2667,21.0,100,75,1.54,broken clouds
211,Matelandia,BR,-25.2408,-53.9964,20.0,94,0,1.03,light rain
212,Beringovskiy,RU,63.05,179.3167,-18.19,92,100,3.82,overcast clouds
213,Nantucket,US,41.2835,-70.0995,-2.0,86,1,3.09,clear sky
214,Methoni,GR,36.8197,21.7049,10.56,100,2,2.06,clear sky
215,Kavaratti,IN,10.5669,72.642,27.29,75,60,5.99,broken clouds
216,East London,ZA,-33.0153,27.9116,20.0,94,75,1.03,moderate rain
217,Slonim,BY,53.0867,25.3219,-14.0,95,98,2.51,overcast clouds
218,Codrington,AU,-38.2667,141.9667,19.72,44,34,2.95,scattered clouds
219,Menongue,AO,-14.6585,17.691,16.13,81,16,1.52,few clouds
220,Kutum,SD,14.2,24.6667,10.44,44,1,5.05,clear sky
221,Lata,PT,40.1629,-8.3327,10.0,90,93,1.21,light rain
222,Asau,RO,46.4333,26.4,2.78,69,17,0.99,few clouds
223,Virginia Beach,US,36.8529,-75.978,6.67,43,95,1.34,overcast clouds
224,Port Elizabeth,ZA,-33.918,25.5701,16.0,88,0,2.55,clear sky
225,Farah,AF,32.5,62.5,3.37,66,0,0.65,clear sky
226,Mehamn,NO,71.0357,27.8492,-2.99,92,100,5.44,light snow
227,Plettenberg Bay,ZA,-34.0527,23.3716,18.15,87,0,0.71,clear sky
228,Camopi,GF,3.1655,-52.3158,22.47,98,98,0.86,overcast clouds
229,Mikuni,JP,36.2171,136.1519,8.0,53,75,3.6,broken clouds
230,Coihaique,CL,-45.5752,-72.0662,18.0,52,0,1.54,clear sky
231,Sao Filipe,CV,14.8961,-24.4956,21.73,75,100,5.27,overcast clouds
232,Puerto Escondido,MX,15.85,-97.0667,26.0,83,40,1.56,scattered clouds
233,Broome,US,42.2506,-75.833,-1.0,59,1,2.06,clear sky
234,Kaka,TM,37.3482,59.6143,7.95,48,51,2.15,broken clouds
235,Nouakchott,MR,18.0858,-15.9785,17.0,82,100,7.2,overcast clouds
236,San-Pedro,CI,4.7485,-6.6363,25.14,93,47,2.86,scattered clouds
237,Ostrovnoy,RU,68.0531,39.5131,-10.79,94,100,9.15,light snow
238,Half Moon Bay,US,37.4636,-122.4286,12.0,53,1,4.12,clear sky
239,Sorland,NO,67.667,12.6934,2.7,78,100,8.49,overcast clouds
240,Pangnirtung,CA,66.1451,-65.7125,-14.09,89,99,1.31,overcast clouds
241,Tazovskiy,RU,67.4667,78.7,-32.22,87,100,3.4,overcast clouds
242,Okhotsk,RU,59.3833,143.3,-15.64,87,93,5.56,overcast clouds
243,Pedernales,DO,18.0384,-71.744,24.74,69,2,1.33,clear sky
244,Hasaki,JP,35.7333,140.8333,10.0,34,20,2.57,few clouds
245,Asahikawa,JP,43.7678,142.3703,-9.0,53,75,2.06,light snow
246,Changji,CN,44.0167,87.3167,-14.0,92,95,1.0,fog
247,Korhogo,CI,9.45,-5.6333,22.99,24,50,0.87,scattered clouds
248,Leningradskiy,RU,69.3833,178.4167,-32.12,85,100,4.92,overcast clouds
249,Dinard,FR,48.6314,-2.0614,8.0,93,90,4.12,overcast clouds
250,Solnechnyy,RU,50.7214,136.6319,-22.53,83,71,2.29,broken clouds
251,Bishop Auckland,GB,54.6555,-1.6771,5.0,87,100,2.24,overcast clouds
252,Clyde River,CA,70.4692,-68.5914,-29.0,69,90,8.23,light snow
253,Suntar,RU,62.1444,117.6319,-32.0,85,54,1.6,broken clouds
254,Hambantota,LK,6.1241,81.1185,22.0,94,40,1.54,scattered clouds
255,Portland,US,45.5234,-122.6762,7.22,90,87,1.34,overcast clouds
256,Dicabisagan,PH,17.0818,122.4157,23.17,82,98,4.07,overcast clouds
257,Guozhen,CN,34.3659,107.359,11.26,35,0,1.07,clear sky
258,Narsaq,GL,60.9167,-46.05,-9.0,38,66,1.54,broken clouds
259,Itarema,BR,-2.9248,-39.9167,25.73,82,96,5.41,overcast clouds
260,Payo,ID,-3.7508,103.6372,25.39,85,95,1.9,overcast clouds
261,Grahamstown,ZA,-33.3042,26.5328,19.44,88,97,0.89,overcast clouds
262,Gazanjyk,TM,39.2446,55.5154,9.6,48,100,0.73,overcast clouds
263,Saint-Philippe,RE,-21.3585,55.7679,27.0,74,0,2.57,light rain
264,Prince Rupert,CA,54.3161,-130.3201,4.0,93,90,3.09,light rain
265,Barcelos,PT,41.5388,-8.6151,9.0,93,0,2.38,clear sky
266,Zhigalovo,RU,54.8097,105.1578,-12.36,91,100,3.63,overcast clouds
267,Severo-Kurilsk,RU,50.6789,156.125,-10.14,86,81,4.59,broken clouds
268,Yar-Sale,RU,66.8333,70.8333,-30.15,87,2,2.57,clear sky
269,Callaguip,PH,18.0714,120.4867,26.0,65,20,3.6,few clouds
270,Souillac,MU,-20.5167,57.5167,25.0,83,40,1.03,scattered clouds
271,Sidney,AU,-33.8679,151.2073,28.0,61,40,13.38,scattered clouds
272,Tarko-Sale,RU,64.9225,77.785,-31.13,87,74,3.21,broken clouds
273,Georgetown,MY,5.4112,100.3354,29.0,65,20,1.54,few clouds
274,Berlevag,NO,70.8578,29.0864,-2.33,91,100,6.88,light snow
275,Vila Real,PT,41.3006,-7.7441,8.33,81,100,1.92,overcast clouds
276,Iqaluit,CA,63.7506,-68.5145,-11.0,85,90,4.12,snow
277,Necochea,AR,-38.5473,-58.7368,13.33,97,0,0.45,clear sky
278,Dinar,TR,38.065,30.1656,1.0,93,0,1.54,clear sky
279,Morden,CA,49.1919,-98.1014,-14.0,78,99,4.63,overcast clouds
280,Burns Lake,CA,54.2331,-125.7533,-4.0,93,100,0.51,snow
281,Bakchar,RU,57.0186,82.0711,-17.84,93,98,2.1,overcast clouds
282,Sao Felix Do Xingu,BR,-6.6447,-51.995,24.97,80,100,0.67,overcast clouds
283,Lumeje,AO,-11.55,20.7833,18.03,91,99,1.52,overcast clouds
284,Makaha,US,21.4694,-158.2175,24.0,68,20,6.69,light rain
285,Batemans Bay,AU,-35.7167,150.1833,23.89,86,62,8.05,broken clouds
286,Colquechaca,BO,-18.6667,-66.0167,1.91,100,90,2.13,overcast clouds
287,Emba,KZ,48.8264,58.1442,-0.19,97,46,3.3,scattered clouds
288,Umm Kaddadah,SD,13.6017,26.6876,15.68,33,0,8.22,clear sky
289,Abu Zabad,SD,12.35,29.25,17.09,30,36,8.38,scattered clouds
290,Agra,IN,27.1833,78.0167,13.45,77,31,2.55,scattered clouds
291,Starokostyantyniv,UA,49.7576,27.2034,-4.44,92,30,5.87,scattered clouds
292,Gat,IL,31.61,34.7642,13.33,100,100,3.32,overcast clouds
293,Popondetta,PG,-8.7537,148.2534,30.58,68,92,2.5,overcast clouds
294,Tautira,PF,-17.7333,-149.15,27.78,65,31,0.89,scattered clouds
295,Saint-Pierre,RE,-21.3393,55.4781,27.0,74,0,2.57,light rain
296,Hamina,FI,60.5697,27.1979,-17.0,85,0,3.6,clear sky
297,La Cruz,MX,23.9167,-106.9,16.67,88,0,0.45,clear sky
298,Sao Domingos,BR,-13.3983,-46.3183,21.89,82,53,0.89,broken clouds
299,Kruisfontein,ZA,-34.0033,24.7314,16.11,95,0,1.47,clear sky
300,Palmer,US,42.1584,-72.3287,-3.89,93,20,1.38,few clouds
301,Emporia,US,38.4039,-96.1817,-4.0,74,1,3.6,clear sky
302,Billings,US,45.7833,-108.5007,1.67,59,75,7.72,broken clouds
303,Qaqortoq,GL,60.7167,-46.0333,-9.0,38,94,1.54,overcast clouds
304,Geraldton,AU,-28.7667,114.6,26.0,31,100,11.32,overcast clouds
305,Novopavlovka,RU,51.2172,109.2091,-9.29,91,100,3.96,overcast clouds
306,Jieshou,CN,33.2634,115.3611,13.28,41,68,4.24,broken clouds
307,Rio Grande,BR,-32.035,-52.0986,19.0,88,0,5.14,clear sky
308,Bama,NG,11.5221,13.6856,18.04,30,0,3.61,clear sky
309,Quebo,GW,11.3333,-14.9333,18.77,80,65,0.88,broken clouds
310,Ledyard,US,41.4398,-72.0142,-1.67,86,1,2.49,clear sky
311,Zhezkazgan,KZ,47.8043,67.7144,-11.0,85,90,1.0,fog
312,Dryden,CA,49.7833,-92.7503,-16.0,78,90,5.14,light snow
313,The Valley,AI,18.217,-63.0578,26.0,78,20,4.12,few clouds
314,Pringsewu,ID,-5.3582,104.9744,28.14,72,59,2.24,broken clouds
315,Yumen,CN,40.2833,97.2,2.17,53,0,10.31,clear sky
316,Ahipara,NZ,-35.1667,173.1667,20.56,68,100,2.97,overcast clouds
317,Bandarbeyla,SO,9.4942,50.8122,21.41,70,11,4.53,few clouds
318,Wagar,SD,16.1525,36.2032,17.19,29,0,6.57,clear sky
319,Beinamar,TD,8.6698,15.3813,20.19,24,9,2.09,clear sky
320,Chokurdakh,RU,70.6333,147.9167,-26.14,86,97,9.12,overcast clouds
321,Mukhen,RU,48.1,136.1,-19.04,83,0,5.51,clear sky
322,Filadelfia,US,39.9523,-75.1638,1.11,60,1,1.88,clear sky
323,Karaikkudi,IN,10.0667,78.7833,23.02,72,0,5.54,clear sky
324,Daru,PG,-9.0763,143.2092,32.12,63,44,4.36,scattered clouds
325,Adrar,MR,20.5022,-10.0711,18.95,24,42,2.59,scattered clouds
326,Yakima,US,46.4665,-120.6678,7.78,61,1,2.06,clear sky
327,Atbasar,KZ,51.8,68.3333,-1.46,99,100,4.04,overcast clouds
328,Olean,US,42.0776,-78.4297,2.0,40,1,3.6,clear sky
329,Bilibino,RU,68.0546,166.4372,-24.71,80,100,4.11,overcast clouds
330,Ukiah,US,39.1502,-123.2078,9.0,76,1,1.37,clear sky
331,Dunedin,NZ,-45.8742,170.5036,13.33,70,57,11.62,broken clouds
332,Constitucion,CL,-35.3333,-72.4167,15.23,90,83,1.32,broken clouds
333,Sabzevar,IR,36.2126,57.6819,5.26,58,39,1.47,scattered clouds
334,Ingham,US,42.6,-84.3833,0.0,100,90,7.72,light rain
335,Vaitape,PF,-16.5167,-151.75,27.73,65,0,2.11,clear sky
336,Aykhal,RU,66.0,111.5,-36.7,80,13,2.17,few clouds
337,Moron,AR,-34.6534,-58.6198,23.33,54,0,1.34,clear sky
338,Lingao,CN,19.9103,109.6859,22.47,66,0,4.11,clear sky
339,Olafsvik,IS,64.8945,-23.7142,3.61,78,100,15.89,overcast clouds
340,Severobaykalsk,RU,55.65,109.3167,-14.18,87,100,0.66,overcast clouds
341,Khakhea,BW,-24.6895,23.494,20.59,87,91,2.67,overcast clouds
342,Mayor Pablo Lagerenza,PY,-19.9309,-60.7718,23.88,63,98,2.18,overcast clouds
343,Haines Junction,CA,60.7522,-137.5108,-28.0,69,20,0.6,few clouds
344,Bestobe,KZ,52.4994,73.0975,-4.61,98,99,4.27,overcast clouds
345,Saint-Georges,GD,12.0564,-61.7485,26.0,89,40,6.69,scattered clouds
346,Cidreira,BR,-30.1811,-50.2056,20.18,76,1,6.6,clear sky
347,Omsukchan,RU,62.5333,155.8,-26.75,85,100,1.9,overcast clouds
348,Tamiahua,MX,21.2667,-97.45,20.24,90,0,5.16,clear sky
349,Darab,IR,28.7519,54.5444,8.34,44,0,0.39,clear sky
350,Pontian Kecil,MY,1.4801,103.3899,27.78,78,20,2.06,few clouds
351,Hervey Bay,AU,-25.2986,152.8535,30.0,56,55,2.24,broken clouds
352,Nelson Bay,AU,-32.7167,152.15,29.44,61,0,6.69,clear sky
353,La Ronge,CA,55.1001,-105.2842,-18.0,78,100,4.12,overcast clouds
354,Yerbogachen,RU,61.2767,108.0108,-28.55,86,80,0.42,broken clouds
355,Honningsvag,NO,70.9821,25.9704,-0.77,90,100,7.66,overcast clouds
356,Ilulissat,GL,69.2167,-51.1,-16.0,39,40,10.29,scattered clouds
357,Zhob,PK,31.3411,69.4481,5.66,58,0,2.33,clear sky
358,San Rafael,AR,-34.6177,-68.3301,23.16,28,0,2.25,clear sky
359,Honiara,SB,-9.4333,159.95,29.36,70,5,3.28,clear sky
360,Huangnihe,CN,43.5583,128.0239,-3.73,91,32,2.13,scattered clouds
361,Wadi Maliz,TN,36.4681,8.5495,5.0,93,20,0.51,few clouds
362,Kahului,US,20.8947,-156.47,22.0,60,90,5.66,overcast clouds
363,San Quintin,MX,30.4833,-115.95,14.03,74,68,5.36,broken clouds
364,San Cristobal,VE,7.7669,-72.225,20.25,71,66,0.51,broken clouds
365,Colon,PA,9.3592,-79.9014,26.11,85,89,2.24,overcast clouds
366,Chanika,TZ,-5.4167,38.0167,18.83,98,35,0.63,scattered clouds
367,Russell,US,32.3502,-85.1999,12.0,62,90,1.54,overcast clouds
368,Ngunguru,NZ,-35.6167,174.5,24.44,65,100,3.13,overcast clouds
369,Kununurra,AU,-15.7667,128.7333,33.0,70,40,3.09,light rain
370,Juneau,US,58.3019,-134.4197,-0.56,86,75,1.82,broken clouds
371,Svobodnyy,RU,51.4,128.1333,-23.72,88,99,2.62,overcast clouds
372,Gander,CA,48.9682,-54.5906,1.0,100,90,2.57,light intensity drizzle
373,Union,US,40.6334,-74.2663,2.0,55,1,1.54,clear sky
374,Lavrentiya,RU,65.5833,-171.0,-22.0,89,100,8.01,light snow
375,Vanavara,RU,60.34,102.2797,-23.65,90,89,1.38,overcast clouds
376,Chandbali,IN,20.7833,86.7667,21.3,42,0,2.58,clear sky
377,Ust-Kuyga,RU,70.0167,135.6,-31.1,83,17,3.06,few clouds
378,Chilca,PE,-12.5211,-76.7372,22.78,83,20,5.66,few clouds
379,Mazagao,BR,-0.115,-51.2894,25.0,100,75,2.06,broken clouds
380,Bertoua,CM,4.5833,13.6833,17.42,37,0,0.94,clear sky
381,Chingirlau,KZ,51.095,54.0814,1.2,97,100,4.42,overcast clouds
382,Santo Estevao,BR,-12.4303,-39.2514,22.81,82,0,2.42,clear sky
383,Acari,PE,-15.4311,-74.6158,22.14,68,100,1.01,overcast clouds
384,Kachug,RU,53.9606,105.8817,-12.2,90,99,3.56,overcast clouds
385,Puli,TW,23.9664,120.9695,23.0,56,20,1.54,haze
386,Tahta,EG,26.7693,31.5021,12.0,76,0,3.09,clear sky
387,Terrace Bay,CA,48.7834,-87.1,0.0,93,100,2.06,light snow
388,Bhag,PK,29.0415,67.8239,15.01,31,0,0.59,clear sky
389,Colares,PT,38.7992,-9.4469,11.11,100,90,2.57,light rain
390,Fort Nelson,CA,58.8053,-122.7002,-26.0,76,90,1.03,overcast clouds
391,Alta Floresta,BR,-9.8756,-56.0861,22.91,94,100,0.51,overcast clouds
392,Olinda,BR,-8.0089,-34.8553,26.0,73,40,2.06,scattered clouds
393,Marzuq,YE,14.4,46.4667,12.17,60,0,1.44,clear sky
394,Carndonagh,IE,55.25,-7.2667,4.87,94,100,2.61,overcast clouds
395,Inirida,CO,3.8653,-67.9239,24.21,89,95,0.96,overcast clouds
396,Nagato,JP,34.3833,131.2,9.44,76,40,2.57,scattered clouds
397,Iwanai,JP,42.9744,140.5089,-5.66,91,100,8.8,light snow
398,Gourcy,BF,13.2167,-2.35,22.19,20,0,4.07,clear sky
399,Mezen,RU,65.8522,44.24,-19.66,90,100,5.88,overcast clouds
400,Yulara,AU,-25.2406,130.9889,21.0,60,90,6.69,overcast clouds
401,Maceio,BR,-9.6658,-35.7353,24.0,94,0,1.54,clear sky
402,Alofi,NU,-19.0595,-169.9187,28.0,78,90,3.6,light rain
403,Ullapool,GB,57.8987,-5.1604,1.11,39,100,10.28,snow
404,Boyuibe,BO,-20.4167,-63.2833,18.16,77,12,2.34,few clouds
405,Porto Belo,BR,-27.1578,-48.5531,23.0,94,0,2.03,clear sky
406,Evensk,RU,61.95,159.2333,-16.83,89,100,8.04,overcast clouds
407,Los Llanos De Aridane,ES,28.6585,-17.9182,14.0,62,20,1.54,few clouds
408,Cabra,ES,37.4725,-4.4421,11.11,81,93,3.63,overcast clouds
409,Matay,EG,28.419,30.7792,12.7,90,0,4.81,clear sky
410,Letlhakane,BW,-21.4167,25.5833,21.82,85,97,2.5,light rain
411,Mar Del Plata,AR,-38.0023,-57.5575,17.78,77,75,4.12,mist
412,Cooma,AU,-36.2333,149.1333,25.0,47,90,7.72,overcast clouds
413,Mandurah,AU,-32.55,115.7,22.78,39,0,0.89,clear sky
414,Chernyshevskiy,RU,63.0128,112.4714,-35.12,85,99,1.36,overcast clouds
415,Yen Bai,VN,21.7,104.8667,19.07,83,100,1.13,overcast clouds
416,Oksfjord,NO,70.2396,22.3479,-1.67,80,100,2.06,snow
417,Salamanca,ES,40.8333,-6.0,5.56,10,100,3.55,overcast clouds
418,Katherine,AU,-14.4667,132.2667,30.0,70,75,3.6,broken clouds
419,Port-Gentil,GA,-0.7193,8.7815,27.25,79,95,2.01,overcast clouds
420,Comodoro Rivadavia,AR,-45.8667,-67.5,23.0,56,0,1.54,clear sky
421,Carauari,BR,-4.8828,-66.8958,24.17,96,100,0.59,overcast clouds
422,Oktyabrskiy,RU,54.4815,53.471,1.01,94,100,3.39,overcast clouds
423,Zhangjiakou,CN,40.81,114.8794,0.87,72,0,3.85,clear sky
424,Visnes,NO,59.3556,5.2242,-4.44,53,16,5.14,few clouds
425,Rosetta,EG,31.4044,30.4164,16.0,82,40,6.69,scattered clouds
426,Manoel Urbano,BR,-8.8389,-69.2597,24.55,84,100,0.78,overcast clouds
427,Ndele,CF,8.4109,20.6473,23.08,21,5,3.93,clear sky
428,Antofagasta,CL,-23.65,-70.4,19.0,77,75,4.63,broken clouds
429,Rodnykove,UA,45.043,33.9541,7.22,73,67,2.68,broken clouds
430,Poum,NC,-20.2333,164.0167,26.98,81,5,5.78,clear sky
431,Valleyview,CA,55.0667,-117.2859,-20.0,71,97,1.54,overcast clouds
432,Nouadhibou,MR,20.931,-17.0347,17.0,94,76,2.06,broken clouds
433,North Bend,US,43.4065,-124.2243,7.0,93,1,3.6,clear sky
434,Muros,ES,42.7762,-9.0603,7.78,94,98,2.37,overcast clouds
435,Mucurapo,TT,10.6667,-61.5333,25.56,83,20,1.54,few clouds
436,Kerrobert,CA,51.9168,-109.1348,-19.0,84,40,3.6,scattered clouds
437,Finschhafen,PG,-6.6024,147.8681,29.12,75,100,4.19,overcast clouds
438,Chumikan,RU,54.7183,135.315,-25.92,80,5,11.95,clear sky
439,Warwick,US,41.7001,-71.4162,0.0,74,1,3.09,clear sky
440,Morris,US,40.8334,-74.5329,-0.56,81,67,1.22,broken clouds
441,Kunszentmiklos,HU,47.027,19.1258,6.11,87,0,1.07,clear sky
442,Warrnambool,AU,-38.3833,142.4833,16.67,77,94,0.89,overcast clouds
443,Goderich,CA,43.7501,-81.7165,-1.0,86,100,9.26,snow
444,Nanortalik,GL,60.1432,-45.2371,-5.96,78,100,3.96,overcast clouds
445,Harnai,PK,30.1005,67.9374,9.22,40,0,1.95,clear sky
446,Fukue,JP,32.6881,128.8419,11.0,58,75,0.51,broken clouds
447,Charters Towers,AU,-20.1,146.2667,32.03,48,90,5.36,overcast clouds
448,Havre-Saint-Pierre,CA,50.2334,-63.5986,0.0,100,90,2.57,light snow
449,Ceres,US,37.5949,-120.9577,9.0,66,1,2.12,clear sky
450,Vila,PT,42.0304,-8.1588,4.44,94,56,1.87,broken clouds
451,Ancud,CL,-41.8697,-73.8203,20.0,49,0,3.09,clear sky
452,Howell,US,42.6073,-83.9294,0.0,100,90,8.23,snow
453,Bitung,ID,1.4451,125.1824,30.0,74,40,4.12,scattered clouds
454,Roald,NO,62.5833,6.1333,-5.0,63,0,4.12,clear sky
455,Grants,US,35.1473,-107.8514,-1.0,40,1,6.17,clear sky
456,Omboue,GA,-1.5746,9.2618,25.55,87,99,1.79,overcast clouds
457,Namatanai,PG,-3.6667,152.4333,29.23,72,16,2.13,light rain
458,Kuching,MY,1.55,110.3333,24.0,100,40,2.06,moderate rain
459,Itaqui,BR,-29.1253,-56.5531,18.56,78,0,3.36,clear sky
460,Seymchan,RU,62.8833,152.4333,-23.84,86,100,2.29,light snow
461,Igarka,RU,67.4667,86.5833,-37.83,83,70,1.23,broken clouds
462,Norman Wells,CA,65.282,-126.8329,-41.0,66,40,3.09,scattered clouds
463,Milkovo,RU,54.7167,158.6167,-12.88,87,37,1.45,scattered clouds
464,Sinop,TR,41.7711,34.8709,6.64,82,68,3.54,broken clouds
465,Bandipur,NP,27.9333,84.4167,13.72,37,93,0.26,overcast clouds
466,Hovd,MN,48.0056,91.6419,-6.5,78,96,2.34,overcast clouds
467,Hamilton,US,39.1834,-84.5333,2.78,93,90,5.66,light rain
468,Bourail,NC,-21.5667,165.4833,28.1,75,40,3.64,scattered clouds
469,Tomatlan,MX,19.9333,-105.25,18.91,80,0,1.24,clear sky
470,Dingle,PH,10.9995,122.6711,28.19,79,88,7.13,overcast clouds
471,Chitrakonda,IN,18.1167,82.0833,21.43,44,0,0.25,clear sky
472,Lannion,FR,48.75,-3.4167,8.0,100,75,3.09,broken clouds
473,Sur,OM,22.5667,59.5289,17.66,69,0,0.76,clear sky
474,Buchanan,LR,5.8808,-10.0467,25.98,89,29,2.87,scattered clouds
475,Bay Roberts,CA,47.5999,-53.2648,4.0,100,90,3.6,overcast clouds
476,Romny,UA,50.751,33.4747,-6.17,95,100,8.96,overcast clouds
477,Spearfish,US,44.4908,-103.8594,-1.67,86,75,6.69,mist
478,Caravelas,BR,-17.7125,-39.2481,25.0,83,0,3.58,clear sky
479,Gornyy,RU,55.1153,83.9059,-17.42,94,99,2.66,overcast clouds
480,Bambous Virieux,MU,-20.3428,57.7575,26.67,83,40,1.03,light rain
481,Cuamba,MZ,-14.8031,36.5372,20.27,97,62,0.48,moderate rain
482,Kamenka,RU,51.3223,42.7678,3.89,98,100,6.0,moderate rain
483,Morros,BR,-9.4467,-46.3003,22.61,87,64,0.48,broken clouds
484,Chimbote,PE,-9.0853,-78.5783,20.96,77,94,1.94,overcast clouds
485,Lipany,SK,49.1538,20.9638,1.11,99,97,0.26,overcast clouds
486,Havoysund,NO,70.9963,24.6622,-2.0,86,75,3.6,light snow
487,Bystrice,CZ,49.6366,18.7204,1.67,92,99,0.31,overcast clouds
488,Taltal,CL,-25.4,-70.4833,18.05,75,36,0.63,scattered clouds
489,Altagracia De Orituco,VE,9.8601,-66.3814,22.96,85,82,2.86,broken clouds
490,Killybegs,IE,54.6333,-8.45,5.0,93,99,2.68,overcast clouds
491,Vallenar,CL,-28.5708,-70.7581,18.53,62,96,1.07,overcast clouds
492,Khani,GE,41.9563,42.9566,8.0,81,90,3.6,overcast clouds
493,Meulaboh,ID,4.1363,96.1285,28.6,65,29,1.13,scattered clouds
494,Bogorodskoye,RU,56.55,37.8833,-14.27,95,100,3.69,overcast clouds
495,Bambanglipuro,ID,-7.95,110.2833,28.75,71,98,1.62,overcast clouds
496,Maroantsetra,MG,-15.4333,49.7333,23.7,87,41,1.22,light rain
497,Mareeba,AU,-17.0,145.4333,32.78,66,87,3.6,overcast clouds
498,Zaragoza,ES,41.6561,-0.8773,11.67,93,0,0.51,clear sky
499,Alice Springs,AU,-23.7,133.8833,24.0,64,75,4.63,broken clouds
500,Tokat,TR,40.4167,36.5833,-0.33,98,48,2.67,scattered clouds
501,Toamasina,MG,-18.1667,49.3833,24.0,94,20,2.06,few clouds
502,Weihai,CN,37.5017,122.1136,7.06,59,100,7.51,overcast clouds
503,Puerto Boyaca,CO,5.9758,-74.5885,24.7,81,71,0.89,broken clouds
504,Beisfjord,NO,68.3751,17.5988,-5.0,100,75,1.54,broken clouds
505,Nicoya,CR,10.1483,-85.452,25.0,69,0,5.66,clear sky
506,Lappeenranta,FI,61.0587,28.1887,-16.67,80,97,5.1,overcast clouds
507,Havelock,US,34.8791,-76.9013,8.33,70,1,1.54,clear sky
508,Mokhsogollokh,RU,61.4681,128.9203,-32.88,83,90,1.82,overcast clouds
509,Paamiut,GL,61.994,-49.6678,-7.97,74,0,2.5,clear sky
510,Hay River,CA,60.8156,-115.7999,-31.0,75,20,3.09,few clouds
511,Morant Bay,JM,17.8815,-76.4093,26.0,73,75,3.09,broken clouds
512,Santarem,BR,-2.4431,-54.7083,27.0,94,0,3.09,clear sky
513,Rancho Palos Verdes,US,33.7445,-118.387,13.89,88,1,7.2,clear sky
514,Springdale,US,36.1867,-94.1288,1.11,64,1,2.57,clear sky
515,Forio,IT,40.7342,13.8646,13.33,93,100,1.54,overcast clouds
516,Gien,FR,47.6933,2.6309,8.89,98,100,3.36,light rain
517,Arak,IR,34.0917,49.6892,6.24,61,97,1.88,overcast clouds
518,Saint-Joseph,RE,-21.3667,55.6167,27.0,74,0,2.57,light rain
519,Angarsk,RU,52.5367,103.8864,-9.0,73,40,4.0,scattered clouds
520,Celestun,MX,20.8667,-90.4,21.99,65,0,3.56,clear sky
521,Pyshchug,RU,58.8873,45.7134,-12.67,96,100,0.35,overcast clouds
522,Patti,IN,31.2808,74.8572,9.0,87,40,0.91,mist
523,Issoudun,FR,47.0,1.8333,9.0,100,100,1.54,overcast clouds
524,San Andres,CO,12.5847,-81.7006,25.0,94,40,4.12,scattered clouds
525,Zheleznodorozhnyy,RU,55.7503,38.0042,-8.0,86,75,7.0,light snow
526,Cayenne,GF,4.9333,-52.3333,26.0,83,75,4.12,broken clouds
527,Karratha,AU,-20.7377,116.8463,29.64,69,25,6.4,scattered clouds
528,Alekseyevsk,RU,57.8406,108.3492,-15.05,92,99,1.31,overcast clouds
529,Ossora,RU,59.2353,163.0719,-11.87,94,100,8.79,light snow
530,Koutsouras,GR,35.0339,25.9469,13.33,76,0,3.23,clear sky
531,Berezovyy,RU,51.6667,135.7,-22.27,76,85,0.72,overcast clouds
532,Marawi,PH,7.9986,124.2928,27.78,80,68,3.13,broken clouds
533,Baghramyan,AM,40.1934,44.3683,1.0,93,75,0.64,fog
534,Sungairaya,ID,0.7,108.9,25.78,88,100,5.73,overcast clouds
535,Bac Lieu,VN,9.285,105.7244,28.4,62,55,5.66,broken clouds
536,Savannah Bight,HN,16.45,-85.85,22.78,81,0,7.27,clear sky
537,Khandyga,RU,62.6667,135.6,-39.73,77,97,0.85,overcast clouds
538,Matagami,CA,49.7502,-77.6328,-9.0,92,1,4.12,clear sky
539,Ranghulu,CN,46.65,124.8667,-12.86,93,100,2.4,overcast clouds
540,Almeirim,BR,-1.5233,-52.5817,25.22,81,9,3.35,clear sky
541,Pervomayskoye,RU,43.919,46.7102,3.29,95,22,2.52,few clouds
542,Opelousas,US,30.5335,-92.0815,18.33,88,1,3.09,clear sky
543,Mayo,US,38.8876,-76.5119,3.89,81,1,4.12,clear sky
544,Tyup,KG,42.7276,78.3648,-3.86,83,99,1.0,overcast clouds
545,Itoman,JP,26.1247,127.6694,21.67,49,40,3.6,scattered clouds
546,Krasnoselkup,RU,65.7,82.4667,-32.84,86,15,2.69,few clouds
547,Leh,IN,34.1667,77.5833,-13.42,63,100,0.68,overcast clouds
548,Kinshasa,CD,-4.3246,15.3215,24.0,83,20,1.54,light rain
549,Arcos,BR,-20.2819,-45.5394,21.37,89,100,1.42,overcast clouds
550,Vila Velha,BR,-20.3297,-40.2925,26.11,78,40,3.6,scattered clouds
551,Lamar,US,33.6668,-95.5836,7.78,57,1,4.63,clear sky
552,Sungaipenuh,ID,-2.0833,101.3833,25.4,66,76,0.46,broken clouds
553,Dabhoi,IN,22.1833,73.4333,14.0,88,0,3.09,haze
554,Srednekolymsk,RU,67.45,153.6833,-21.12,84,92,6.96,overcast clouds
555,Lac Du Bonnet,CA,50.2536,-96.0612,-17.22,84,100,2.68,light snow
556,Cherskiy,RU,68.75,161.3,-21.0,77,98,3.6,overcast clouds
557,Atambua,ID,-9.1061,124.8925,24.03,90,100,1.43,overcast clouds
558,Bihar,RO,47.15,21.9167,4.0,87,40,2.06,scattered clouds
559,Atasu,KZ,48.6814,71.6433,-8.25,95,60,3.5,broken clouds
560,Loei,TH,17.4167,101.5,20.0,77,0,1.59,clear sky
561,Palmerston,AU,-12.486,130.9833,24.44,94,90,2.06,light rain
562,Goldsboro,US,35.3849,-77.9928,7.0,42,40,2.06,scattered clouds
563,Bongandanga,CD,1.5,21.05,22.38,96,99,1.26,overcast clouds
564,Uyemskiy,RU,64.4743,40.8524,-15.0,72,40,5.0,light snow
565,Sooke,CA,48.3746,-123.7276,9.0,87,100,14.4,overcast clouds
566,Iranshahr,IR,27.2025,60.6848,10.0,16,0,4.12,clear sky
567,Monrovia,LR,6.3005,-10.7969,26.19,89,31,3.15,scattered clouds
568,Kirakira,SB,-10.4544,161.9205,29.13,74,57,4.11,broken clouds
569,Calvinia,ZA,-31.4707,19.776,15.54,73,0,1.01,clear sky
570,Tungor,RU,53.3808,142.9564,-22.75,88,100,8.84,overcast clouds
571,Tonaya,MX,19.7833,-103.9667,22.56,59,0,0.37,clear sky
572,Bandar-E Lengeh,IR,26.5579,54.8807,17.0,82,0,3.09,mist
573,Snyder,US,32.7179,-100.9176,7.0,45,1,3.6,clear sky
574,Bathsheba,BB,13.2167,-59.5167,26.0,65,40,8.23,scattered clouds
575,Maku,IR,39.2911,44.4521,1.36,85,100,2.15,overcast clouds
576,Boa Vista,BR,2.8197,-60.6733,25.0,88,90,7.2,light rain
577,Hobyo,SO,5.3505,48.5268,24.39,79,55,7.19,broken clouds
578,Sheopur,IN,25.6667,76.7,14.88,69,0,2.61,clear sky
579,Saint-Francois,FR,46.4154,3.9054,7.22,100,100,1.03,mist
580,Basavana Bagevadi,IN,16.5833,75.9667,19.62,60,18,5.65,few clouds
581,Borisoglebskiy,RU,57.2586,39.1508,-10.0,79,40,2.0,scattered clouds
582,Ambilobe,MG,-13.2,49.05,23.32,92,90,0.9,overcast clouds
583,Batagay-Alyta,RU,67.8006,130.4114,-29.02,85,100,1.3,overcast clouds
584,Odweyne,SO,9.4092,45.064,13.62,43,33,3.27,scattered clouds
585,Jardim,BR,-21.4803,-56.1381,21.59,93,66,1.79,broken clouds
586,Siklos,HU,45.855,18.2975,6.67,87,0,2.06,clear sky
587,Damghan,IR,36.1683,54.348,4.0,68,75,0.86,broken clouds
588,Luderitz,NA,-26.6481,15.1594,18.88,64,0,7.73,clear sky
589,Fort Wellington,GY,6.4,-57.6,25.08,79,76,5.57,broken clouds
590,Moyo,UG,3.6609,31.7247,22.12,33,56,1.16,broken clouds
591,Gunjur,GM,13.2019,-16.7339,21.0,78,0,4.63,clear sky
592,Jitra,MY,6.2681,100.4217,28.0,65,20,3.09,few clouds
593,Kondinskoye,RU,59.6481,67.41,-11.91,96,98,2.81,overcast clouds
594,Dingli,MT,35.8614,14.3822,16.11,82,0,2.57,clear sky
595,Kudahuvadhoo,MV,2.6708,72.8944,27.76,72,100,8.3,overcast clouds
596,Nador,MA,35.174,-2.9287,21.0,88,20,5.66,few clouds
597,Thanh Hoa,VN,19.8,105.7667,22.94,64,39,1.98,scattered clouds
598,Novyy Urengoy,RU,66.0833,76.6333,-30.64,87,35,3.53,scattered clouds
599,Doha,QA,25.2867,51.5333,19.0,94,0,0.51,clear sky
600,Sibolga,ID,1.7427,98.7792,29.25,63,100,0.75,overcast clouds
601,Kautokeino,NO,69.0125,23.0412,-6.69,96,100,4.98,overcast clouds
602,Morondava,MG,-20.2833,44.2833,26.93,81,100,1.92,light rain
603,Touros,BR,-5.1989,-35.4608,26.0,78,20,4.12,few clouds
604,Asyut,EG,27.181,31.1837,8.0,76,0,4.12,clear sky
605,Belmonte,BR,-15.8631,-38.8828,25.0,83,20,3.09,few clouds
606,Dodoma,TZ,-6.1722,35.7395,17.12,93,5,1.21,clear sky
607,Pacific Grove,US,36.6177,-121.9166,11.67,81,1,2.06,clear sky
608,Karachi,PK,24.9056,67.0822,14.0,41,0,1.54,haze
609,Chirongui,YT,-12.9319,45.1483,26.0,89,0,1.54,light rain
610,Sursk,RU,53.0754,45.6846,2.78,99,100,5.81,overcast clouds
611,Formosa Do Rio Preto,BR,-11.0483,-45.1931,21.55,91,57,1.07,broken clouds
612,Palo,PH,11.1333,124.9667,27.86,82,53,4.24,broken clouds
613,Port-Cartier,CA,50.0334,-66.8654,-1.0,80,90,2.06,overcast clouds
614,Kousseri,CM,12.0769,15.0306,20.0,22,0,5.14,dust
615,Camacha,PT,33.0833,-16.3333,12.0,66,75,9.77,broken clouds
616,Skjervoy,NO,70.0311,20.9714,0.64,90,100,8.91,light snow
617,Khor,RU,47.8861,134.9464,-20.18,85,0,5.04,clear sky
618,Tieli,CN,46.95,128.05,-11.0,93,100,2.65,overcast clouds
619,High Rock,BS,26.6208,-78.2833,14.0,72,0,2.06,clear sky
620,Varhaug,NO,58.6147,5.6457,-7.78,53,0,2.06,clear sky
621,El Dorado,US,38.7666,-120.5177,5.0,82,6,3.88,clear sky
622,Praia Da Vitoria,PT,38.7333,-27.0667,11.0,87,75,8.93,broken clouds
623,Notre-Dame-Du-Lac,CA,47.6136,-68.7964,-7.0,92,82,1.54,broken clouds
624,Aquiraz,BR,-3.9014,-38.3911,27.0,83,20,3.6,few clouds
625,Murchison,NZ,-41.8,172.3333,24.32,37,7,2.8,clear sky
626,Komsomolskiy,UZ,40.4272,71.7189,0.0,64,1,3.09,clear sky
627,Lorengau,PG,-2.0226,147.2712,26.98,78,100,3.29,overcast clouds
628,Baykit,RU,61.67,96.37,-18.13,88,100,1.4,overcast clouds
629,Benjamin Aceval,PY,-24.9667,-57.5667,21.0,83,0,2.06,clear sky
630,Huambo,AO,-12.7761,15.7392,15.06,80,33,0.51,scattered clouds
631,Mankono,CI,8.0586,-6.1897,24.2,69,42,2.52,scattered clouds
632,Dalbandin,PK,28.8947,64.4101,6.95,50,0,2.01,clear sky
633,Rapid Valley,US,44.0625,-103.1463,-0.56,54,40,6.69,scattered clouds
634,Ibirataia,BR,-14.0669,-39.6406,21.46,96,54,0.59,broken clouds
635,Constantine,DZ,36.365,6.6147,6.0,61,0,1.03,clear sky
636,Nishihara,JP,26.1842,127.7558,22.0,42,75,2.06,broken clouds
637,Naregal,IN,15.5833,75.8167,20.63,59,66,4.36,broken clouds
638,Makinsk,KZ,52.6292,70.4169,-6.25,98,82,3.45,broken clouds
639,Aksarka,RU,66.5606,67.7975,-30.64,87,64,2.42,broken clouds
640,Kamen-Rybolov,RU,44.7481,132.0403,-14.28,91,53,4.01,broken clouds
641,Sindi,IN,20.8,78.8667,20.0,45,0,0.95,haze
642,Abeche,TD,13.8292,20.8324,18.02,27,33,7.63,scattered clouds
643,Kemijarvi,FI,66.7131,27.4306,-11.88,95,78,2.75,broken clouds
644,Ihosy,MG,-22.4,46.1167,21.16,90,82,1.57,broken clouds
645,Roros,NO,62.5747,11.3842,-27.0,76,90,1.03,light snow
646,Hualmay,PE,-11.0964,-77.6139,21.2,82,98,2.54,overcast clouds
647,Carutapera,BR,-1.195,-46.02,25.85,87,76,3.02,broken clouds
648,Klamath Falls,US,42.2249,-121.7817,-1.0,80,1,0.71,clear sky
649,Oriximina,BR,-1.7656,-55.8661,25.38,81,2,1.41,clear sky
650,Hwange,ZW,-18.3693,26.5019,19.68,94,20,0.54,few clouds
651,Mahon,ES,39.8885,4.2658,12.0,94,90,3.6,fog
652,Bloemfontein,ZA,-29.1211,26.214,16.0,100,0,1.03,clear sky
653,Salinas,US,36.6777,-121.6555,12.0,66,1,1.3,clear sky
654,Nautla,MX,20.2167,-96.7833,20.98,83,0,5.31,clear sky
655,Zhuhai,CN,22.2769,113.5678,22.78,68,20,2.57,few clouds
656,Verkhoyansk,RU,67.5447,133.385,-35.28,79,100,1.15,overcast clouds
657,Xining,CN,36.6167,101.7667,-3.12,57,0,1.39,clear sky
658,Shirokiy,RU,49.758,129.523,-22.9,90,100,3.15,overcast clouds
659,Carballo,ES,43.213,-8.691,8.33,97,67,0.65,broken clouds
660,Katsuura,JP,35.1333,140.3,8.0,42,40,2.06,scattered clouds
661,Kabalo,CD,-6.05,26.9167,20.52,95,79,0.88,broken clouds
662,Pozoblanco,ES,38.3791,-4.8483,10.0,100,0,1.03,clear sky
663,Altus,US,34.6381,-99.334,6.0,39,1,4.12,clear sky
664,Nianzishan,CN,47.5167,122.8833,-10.21,89,18,1.68,few clouds
665,Santa Barbara,US,34.7333,-120.0343,10.0,87,1,2.13,clear sky
666,Nandikotkur,IN,15.8667,78.2667,20.94,50,0,3.27,clear sky
667,Coari,BR,-4.085,-63.1414,24.2,95,94,0.27,overcast clouds
668,Westport,US,41.1415,-73.3579,1.67,80,1,1.54,clear sky
669,Huanren,CN,41.2647,125.3667,-3.58,93,94,3.35,overcast clouds
670,Si Sa Ket,TH,14.8333,104.3333,28.33,63,0,1.48,clear sky
671,Maragogi,BR,-9.0122,-35.2225,25.48,83,19,4.06,few clouds
672,Atar,MR,20.5169,-13.0499,15.43,53,100,3.11,overcast clouds
673,Nortelandia,BR,-14.4547,-56.8028,23.43,90,99,1.27,overcast clouds
674,Kenai,US,60.5544,-151.2583,-7.78,79,90,4.12,overcast clouds
675,Altamira,BR,-3.2033,-52.2064,23.92,84,16,1.76,few clouds
676,Sao Joao Da Barra,BR,-21.6403,-41.0511,25.06,82,0,9.09,clear sky
677,Niamey,NE,13.5137,2.1098,22.0,18,0,1.54,clear sky
678,Puqi,CN,29.7167,113.8833,8.99,92,100,2.44,light rain
679,Poltavka,RU,54.3663,71.7632,-7.68,98,99,3.59,overcast clouds
680,Perelyub,RU,51.8667,50.3667,2.28,97,100,6.71,light rain
681,Yala,TH,6.3333,101.25,29.0,65,20,2.57,few clouds
682,Leshukonskoye,RU,64.8989,45.7622,-16.88,93,100,4.76,light snow
683,Huilong,CN,31.8111,121.655,9.44,77,100,1.79,overcast clouds
684,Vestmannaeyjar,IS,63.4427,-20.2734,4.24,73,100,13.86,overcast clouds
685,Port Lincoln,AU,-34.7333,135.8667,19.18,59,68,10.27,broken clouds
686,Deloraine,AU,-41.5333,146.6667,21.67,94,100,1.65,moderate rain
687,Batsfjord,NO,70.6345,29.7185,-3.82,92,100,5.57,light snow
688,Kaeo,NZ,-35.1,173.7833,24.44,65,98,3.13,overcast clouds
689,Iskateley,RU,67.6803,53.1512,-26.67,87,94,6.24,overcast clouds
690,Sao Gabriel Da Cachoeira,BR,-0.1303,-67.0892,23.49,97,100,0.55,overcast clouds
691,Port Hedland,AU,-20.3167,118.5667,29.48,69,65,4.72,light rain
692,Zhoucheng,CN,35.9122,116.3117,11.02,45,100,3.37,overcast clouds
693,Nanpiao,CN,41.0982,120.7479,7.16,47,0,3.4,clear sky
694,Dombas,NO,62.0696,9.1235,-17.22,79,1,1.2,clear sky
695,Wanaka,NZ,-44.7,169.15,23.85,42,78,1.89,broken clouds
696,Cabedelo,BR,-6.9811,-34.8339,26.0,83,20,2.57,few clouds
697,Shingu,JP,33.7333,135.9833,10.0,43,40,3.09,scattered clouds
698,Kompaniyivka,UA,48.2511,32.208,-2.54,94,97,9.55,overcast clouds
699,Maniitsoq,GL,65.4167,-52.9,-9.81,72,100,2.25,overcast clouds
